<?xml version="1.0" encoding="UTF-8" ?>
<!DOCTYPE NmLoader SYSTEM "standard11_1.dtd">
<NmLoader>
  <csvWfProcessTemplateBegin handler="wt.workflow.definer.LoadWorkflow.createProcessTemplate">
    <csvxCoordinate>5</csvxCoordinate>
    <csvyCoordinate>5</csvyCoordinate>
    <csvrouterType>NONE</csvrouterType>
    <csvroutingEvents></csvroutingEvents>
    <csvautoRoutingExpression></csvautoRoutingExpression>
    <csvuniqueId>wt.workflow.definer.WfProcessTemplate:97381222</csvuniqueId>
    <csvname>Запрос на создание материала</csvname>
    <csvdescription>Инициирован процесс согласования и утверждения комплекта документов.</csvdescription>
    <csvcategory>DEFAULT</csvcategory>
    <csvinstructions></csvinstructions>
    <csviconName>wt/clients/images/workproc.gif</csviconName>
    <csvduration>0</csvduration>
    <csvprocessDuration>0</csvprocessDuration>
    <csvstartDelay>0</csvstartDelay>
    <csvstartProcessDelay>0</csvstartProcessDelay>
    <csvnotifyBeforeDeadline>false</csvnotifyBeforeDeadline>
    <csvtimeToDeadline>0</csvtimeToDeadline>
    <csvnotifyAfterDeadline>false</csvnotifyAfterDeadline>
    <csvtimePastDeadline>0</csvtimePastDeadline>
    <csvresponsibleRole></csvresponsibleRole>
    <csvenabled>true</csvenabled>
    <csvfolderLocation>/System</csvfolderLocation>
    <csvdedicatedQueue>false</csvdedicatedQueue>
  </csvWfProcessTemplateBegin>
  <csvWfOverdueNotificationRoleAssignee handler="wt.workflow.definer.LoadWorkflow.addOverdueNotificationRole"><csvrole>CHANGE REQUEST REVIEW BOARD</csvrole></csvWfOverdueNotificationRoleAssignee>
  <csvWfOverdueNotificationRoleAssignee handler="wt.workflow.definer.LoadWorkflow.addOverdueNotificationRole"><csvrole>APPROVER_LEVEL_1</csvrole></csvWfOverdueNotificationRoleAssignee>
  <csvWfVariable handler="wt.workflow.definer.LoadWorkflow.addVariable">
    <csvname>primaryBusinessObject</csvname>
    <csvtype>wt.fc.WTObject</csvtype>
    <csvrequired>false</csvrequired>
    <csvvisible>true</csvvisible>
    <csvmutable>true</csvmutable>
    <csvresetable>true</csvresetable>
    <csvinitializeFrom></csvinitializeFrom>
    <csvcopyInto></csvcopyInto>
    <csvdefaultValue></csvdefaultValue>
    <csvpermissionList>0</csvpermissionList>
    <csvreadOnly>false</csvreadOnly>
    <csvdisplayNames></csvdisplayNames>
  </csvWfVariable>
  <csvWfVariable handler="wt.workflow.definer.LoadWorkflow.addVariable">
    <csvname>inInitialPhase</csvname>
    <csvtype>boolean</csvtype>
    <csvrequired>false</csvrequired>
    <csvvisible>false</csvvisible>
    <csvmutable>true</csvmutable>
    <csvresetable>false</csvresetable>
    <csvinitializeFrom></csvinitializeFrom>
    <csvcopyInto></csvcopyInto>
    <csvdefaultValue>true</csvdefaultValue>
    <csvpermissionList>0</csvpermissionList>
    <csvreadOnly>false</csvreadOnly>
    <csvdisplayNames></csvdisplayNames>
  </csvWfVariable>
  <csvWfVariable handler="wt.workflow.definer.LoadWorkflow.addVariable">
    <csvname>VERBOSE</csvname>
    <csvtype>boolean</csvtype>
    <csvrequired>false</csvrequired>
    <csvvisible>true</csvvisible>
    <csvmutable>true</csvmutable>
    <csvresetable>true</csvresetable>
    <csvinitializeFrom></csvinitializeFrom>
    <csvcopyInto></csvcopyInto>
    <csvdefaultValue>true</csvdefaultValue>
    <csvpermissionList>0</csvpermissionList>
    <csvreadOnly>false</csvreadOnly>
    <csvdisplayNames></csvdisplayNames>
  </csvWfVariable>
  <csvWfVariable handler="wt.workflow.definer.LoadWorkflow.addVariable">
    <csvname>errorMsg</csvname>
    <csvtype>java.lang.String</csvtype>
    <csvrequired>false</csvrequired>
    <csvvisible>true</csvvisible>
    <csvmutable>true</csvmutable>
    <csvresetable>true</csvresetable>
    <csvinitializeFrom></csvinitializeFrom>
    <csvcopyInto></csvcopyInto>
    <csvdefaultValue></csvdefaultValue>
    <csvpermissionList>0</csvpermissionList>
    <csvreadOnly>false</csvreadOnly>
    <csvdisplayNames></csvdisplayNames>
  </csvWfVariable>
  <csvWfVariable handler="wt.workflow.definer.LoadWorkflow.addVariable">
    <csvname>special_instructions</csvname>
    <csvtype>java.lang.String</csvtype>
    <csvrequired>false</csvrequired>
    <csvvisible>true</csvvisible>
    <csvmutable>true</csvmutable>
    <csvresetable>true</csvresetable>
    <csvinitializeFrom></csvinitializeFrom>
    <csvcopyInto></csvcopyInto>
    <csvdefaultValue></csvdefaultValue>
    <csvpermissionList>0</csvpermissionList>
    <csvreadOnly>false</csvreadOnly>
    <csvdisplayNames></csvdisplayNames>
  </csvWfVariable>
  <csvWfVariable handler="wt.workflow.definer.LoadWorkflow.addVariable">
    <csvname>reviseValidationMsg</csvname>
    <csvtype>java.lang.String</csvtype>
    <csvrequired>false</csvrequired>
    <csvvisible>true</csvvisible>
    <csvmutable>true</csvmutable>
    <csvresetable>true</csvresetable>
    <csvinitializeFrom></csvinitializeFrom>
    <csvcopyInto></csvcopyInto>
    <csvdefaultValue></csvdefaultValue>
    <csvpermissionList>0</csvpermissionList>
    <csvreadOnly>false</csvreadOnly>
    <csvdisplayNames></csvdisplayNames>
  </csvWfVariable>
  <csvWfVariable handler="wt.workflow.definer.LoadWorkflow.addVariable">
    <csvname>latestIterationsValidationMsg</csvname>
    <csvtype>java.lang.String</csvtype>
    <csvrequired>false</csvrequired>
    <csvvisible>true</csvvisible>
    <csvmutable>true</csvmutable>
    <csvresetable>true</csvresetable>
    <csvinitializeFrom></csvinitializeFrom>
    <csvcopyInto></csvcopyInto>
    <csvdefaultValue></csvdefaultValue>
    <csvpermissionList>0</csvpermissionList>
    <csvreadOnly>false</csvreadOnly>
    <csvdisplayNames></csvdisplayNames>
  </csvWfVariable>
  <csvWfRoleResetMap handler="wt.workflow.definer.LoadWorkflow.addRoleResetMap">
    <csvrole>CONTROLLER</csvrole>
    <csvreset>false</csvreset>
  </csvWfRoleResetMap>
  <csvWfRoleResetMap handler="wt.workflow.definer.LoadWorkflow.addRoleResetMap">
    <csvrole>PROMOTION REVIEWERS</csvrole>
    <csvreset>false</csvreset>
  </csvWfRoleResetMap>
  <csvWfRoleResetMap handler="wt.workflow.definer.LoadWorkflow.addRoleResetMap">
    <csvrole>PROMOTION APPROVERS</csvrole>
    <csvreset>false</csvreset>
  </csvWfRoleResetMap>
  <csvWfRoleResetMap handler="wt.workflow.definer.LoadWorkflow.addRoleResetMap">
    <csvrole>MFG REVIEWERS</csvrole>
    <csvreset>false</csvreset>
  </csvWfRoleResetMap>
  <csvWfAssignedActivityTemplateBegin handler="wt.workflow.definer.LoadWorkflow.createAssignedActivityTemplate">
    <csvxCoordinate>292</csvxCoordinate>
    <csvyCoordinate>332</csvyCoordinate>
    <csvrouterType>MANUAL_EXCLUSIVE</csvrouterType>
    <csvroutingEvents>Согласовать/Вернуть на доработку/</csvroutingEvents>
    <csvautoRoutingExpression></csvautoRoutingExpression>
    <csvuniqueId>wt.workflow.definer.WfAssignedActivityTemplate:97381225</csvuniqueId>
    <csvname>Главный конструктор</csvname>
    <csvdescription>Рассмотреть запрос на создание материала.</csvdescription>
    <csvcategory>DEFAULT</csvcategory>
    <csvinstructions>Вам назначено задание по рассмотрению запроса на создание материала.@1. Просмотрите информацию по заданию.@2. Проверьте корректность запроса.@3. При необходимости дополните запрос списком других материалов# которые следует тоже добавить в библиотеку материалов.@4. Выберите Согласовать или Вернуть на доработку.@5. Нажмите Завершить задание для продолжения процесса согласования и утверждения.</csvinstructions>
    <csviconName>wt/clients/images/assignactvty.gif</csviconName>
    <csvduration>259200000</csvduration>
    <csvprocessDuration>0</csvprocessDuration>
    <csvstartDelay>0</csvstartDelay>
    <csvstartProcessDelay>0</csvstartProcessDelay>
    <csvnotifyBeforeDeadline>false</csvnotifyBeforeDeadline>
    <csvtimeToDeadline>0</csvtimeToDeadline>
    <csvnotifyAfterDeadline>false</csvnotifyAfterDeadline>
    <csvtimePastDeadline>0</csvtimePastDeadline>
    <csvresponsibleRole></csvresponsibleRole>
    <csvtask>WfTask</csvtask>
    <csvsendNotification>true</csvsendNotification>
    <csvlocalProject></csvlocalProject>
    <csvvariableProject>null</csvvariableProject>
    <csvsigningRequired>true</csvsigningRequired>
  </csvWfAssignedActivityTemplateBegin>
  <csvWfOverdueNotificationRoleAssignee handler="wt.workflow.definer.LoadWorkflow.addOverdueNotificationRole"><csvrole>TEAM_DESIGN_LOGICAL_INTEGRATOR</csvrole></csvWfOverdueNotificationRoleAssignee>
  <csvWfOverdueNotificationRoleAssignee handler="wt.workflow.definer.LoadWorkflow.addOverdueNotificationRole"><csvrole>PRODUCTION PLANNER</csvrole></csvWfOverdueNotificationRoleAssignee>
  <csvWfVariable handler="wt.workflow.definer.LoadWorkflow.addVariable">
    <csvname>primaryBusinessObject</csvname>
    <csvtype>wt.fc.WTObject</csvtype>
    <csvrequired>false</csvrequired>
    <csvvisible>true</csvvisible>
    <csvmutable>true</csvmutable>
    <csvresetable>true</csvresetable>
    <csvinitializeFrom>primaryBusinessObject</csvinitializeFrom>
    <csvcopyInto>primaryBusinessObject</csvcopyInto>
    <csvdefaultValue></csvdefaultValue>
    <csvpermissionList>0</csvpermissionList>
    <csvreadOnly>false</csvreadOnly>
    <csvdisplayNames></csvdisplayNames>
  </csvWfVariable>
  <csvWfOverdueAction handler="wt.workflow.definer.LoadWorkflow.addOverdueAction">
    <csvoverdueAction>NOTIFY</csvoverdueAction>
    <csvoverdueActionFlag>true</csvoverdueActionFlag>
  </csvWfOverdueAction>
  <csvWfRoleAssignee handler="wt.workflow.definer.LoadWorkflow.addRoleAssignee">
    <csvrole>CHIEF DESIGNER</csvrole>
    <csvrequired>false</csvrequired>
    <csvcompletionPolicyType>ANY</csvcompletionPolicyType>
    <csvcompletionPolicyValue>0</csvcompletionPolicyValue>
    <csvexternalTask>false</csvexternalTask>
  </csvWfRoleAssignee>
  <csvWfRoleSetup handler="wt.workflow.definer.LoadWorkflow.addRoleSetup">
    <csvassigneeType>Role</csvassigneeType>
    <csvassigneeName>CHIEF DESIGNER</csvassigneeName>
    <csvrole>CONTROLLER</csvrole>
    <csvviewPermission>false</csvviewPermission>
    <csvaddPermission>false</csvaddPermission>
    <csvremovePermission>false</csvremovePermission>
  </csvWfRoleSetup>
  <csvWfRoleSetup handler="wt.workflow.definer.LoadWorkflow.addRoleSetup">
    <csvassigneeType>Role</csvassigneeType>
    <csvassigneeName>CHIEF DESIGNER</csvassigneeName>
    <csvrole>CHIEF DESIGNER</csvrole>
    <csvviewPermission>true</csvviewPermission>
    <csvaddPermission>true</csvaddPermission>
    <csvremovePermission>false</csvremovePermission>
  </csvWfRoleSetup>
  <csvWfResourcePool handler="wt.workflow.definer.LoadWorkflow.addResourcePool">
    <csvrole>CONTROLLER</csvrole>
    <csvresourcePoolType>Context Team</csvresourcePoolType>
    <csvresourcePoolName>Context Team</csvresourcePoolName>
  </csvWfResourcePool>
  <csvWfResourcePool handler="wt.workflow.definer.LoadWorkflow.addResourcePool">
    <csvrole>CHIEF DESIGNER</csvrole>
    <csvresourcePoolType>Context Team</csvresourcePoolType>
    <csvresourcePoolName>Context Team</csvresourcePoolName>
  </csvWfResourcePool>
  <csvWfAuditAction handler="wt.workflow.definer.LoadWorkflow.addAuditAction">
    <csvauditAction>ACTIVITY_ASSIGNMENT_CHANGED</csvauditAction>
    <csvauditActionFlag>true</csvauditActionFlag>
  </csvWfAuditAction>
  <csvWfAuditAction handler="wt.workflow.definer.LoadWorkflow.addAuditAction">
    <csvauditAction>EXECUTION_ERROR</csvauditAction>
    <csvauditActionFlag>true</csvauditActionFlag>
  </csvWfAuditAction>
  <csvWfVotingAction handler="wt.workflow.definer.LoadWorkflow.addVotingAction">
    <csvvotingAction>RECORD_VOTING</csvvotingAction>
    <csvvotingActionFlag>true</csvvotingActionFlag>
  </csvWfVotingAction>
  <csvWfIgnoreUnresolvedRoleAction handler="wt.workflow.definer.LoadWorkflow.addIgnoreUnresolvedRoleAction">
    <csvignoreUnresolvedRoleAction>IGNOREUNRESOLVED_ROLE</csvignoreUnresolvedRoleAction>
    <csvignoreUnresolvedRoleActionFlag>true</csvignoreUnresolvedRoleActionFlag>
  </csvWfIgnoreUnresolvedRoleAction>
  <csvWfCreateTaskForRequiredRoleAction handler="wt.workflow.definer.LoadWorkflow.addCreateTaskForRequiredRoleAction">
    <csvcreateTaskForRequiredRoleAction>CREATETASKFORREQUIRED_ROLE</csvcreateTaskForRequiredRoleAction>
    <csvcreateTaskForRequiredRoleActionFlag>true</csvcreateTaskForRequiredRoleActionFlag>
  </csvWfCreateTaskForRequiredRoleAction>
  <csvRenderChoice handler="wt.workflow.definer.LoadWorkflow.renderTemplate"><csvrender>HTML</csvrender></csvRenderChoice>
  <csvTaskFormTemplate handler="wt.workflow.definer.LoadWorkflow.saveTaskFormTemplate"><csvTemplateName>default</csvTemplateName></csvTaskFormTemplate>
  <csvWfAssignedActivityTemplateEnd handler="wt.workflow.definer.LoadWorkflow.saveAssignedActivityTemplate"></csvWfAssignedActivityTemplateEnd>
  <csvWfAssignedActivityTemplateBegin handler="wt.workflow.definer.LoadWorkflow.createAssignedActivityTemplate">
    <csvxCoordinate>666</csvxCoordinate>
    <csvyCoordinate>49</csvyCoordinate>
    <csvrouterType>MANUAL_EXCLUSIVE</csvrouterType>
    <csvroutingEvents>Направить на продвижение/Отменить запрос/</csvroutingEvents>
    <csvautoRoutingExpression></csvautoRoutingExpression>
    <csvuniqueId>wt.workflow.definer.WfAssignedActivityTemplate:97381227</csvuniqueId>
    <csvname>Доработать</csvname>
    <csvdescription>Задание автору подписать комплект документов.</csvdescription>
    <csvcategory>DEFAULT</csvcategory>
    <csvinstructions>Запрос на продвижение возвращен на доработку.@1. Просмотрите историю согласования.@2. Проверьте чтобы блок Специальные инструкции был пуст.@3. Устраните замечания и завершите задание.@</csvinstructions>
    <csviconName>wt/clients/images/assignactvty.gif</csviconName>
    <csvduration>259200000</csvduration>
    <csvprocessDuration>0</csvprocessDuration>
    <csvstartDelay>0</csvstartDelay>
    <csvstartProcessDelay>0</csvstartProcessDelay>
    <csvnotifyBeforeDeadline>false</csvnotifyBeforeDeadline>
    <csvtimeToDeadline>0</csvtimeToDeadline>
    <csvnotifyAfterDeadline>false</csvnotifyAfterDeadline>
    <csvtimePastDeadline>0</csvtimePastDeadline>
    <csvresponsibleRole></csvresponsibleRole>
    <csvtask>WfTask</csvtask>
    <csvsendNotification>true</csvsendNotification>
    <csvlocalProject></csvlocalProject>
    <csvvariableProject>null</csvvariableProject>
    <csvsigningRequired>true</csvsigningRequired>
  </csvWfAssignedActivityTemplateBegin>
  <csvWfOverdueNotificationRoleAssignee handler="wt.workflow.definer.LoadWorkflow.addOverdueNotificationRole"><csvrole>OEM</csvrole></csvWfOverdueNotificationRoleAssignee>
  <csvWfOverdueNotificationRoleAssignee handler="wt.workflow.definer.LoadWorkflow.addOverdueNotificationRole"><csvrole>PR AUTHOR</csvrole></csvWfOverdueNotificationRoleAssignee>
  <csvWfVariable handler="wt.workflow.definer.LoadWorkflow.addVariable">
    <csvname>primaryBusinessObject</csvname>
    <csvtype>wt.fc.WTObject</csvtype>
    <csvrequired>false</csvrequired>
    <csvvisible>true</csvvisible>
    <csvmutable>true</csvmutable>
    <csvresetable>true</csvresetable>
    <csvinitializeFrom>primaryBusinessObject</csvinitializeFrom>
    <csvcopyInto>primaryBusinessObject</csvcopyInto>
    <csvdefaultValue></csvdefaultValue>
    <csvpermissionList>0</csvpermissionList>
    <csvreadOnly>false</csvreadOnly>
    <csvdisplayNames></csvdisplayNames>
  </csvWfVariable>
  <csvWfVariable handler="wt.workflow.definer.LoadWorkflow.addVariable">
    <csvname>special_instructions</csvname>
    <csvtype>java.lang.String</csvtype>
    <csvrequired>false</csvrequired>
    <csvvisible>true</csvvisible>
    <csvmutable>true</csvmutable>
    <csvresetable>true</csvresetable>
    <csvinitializeFrom>special_instructions</csvinitializeFrom>
    <csvcopyInto>special_instructions</csvcopyInto>
    <csvdefaultValue></csvdefaultValue>
    <csvpermissionList>0</csvpermissionList>
    <csvreadOnly>true</csvreadOnly>
    <csvdisplayNames>de:;;;qqqdefault:Специальные инструкции;;;qqqzh_TW:;;;qqqko:;;;qqqja:;;;qqqen:;;;qqqit:;;;qqqzh_CN:;;;qqqfr:</csvdisplayNames>
  </csvWfVariable>
  <csvWfOverdueAction handler="wt.workflow.definer.LoadWorkflow.addOverdueAction">
    <csvoverdueAction>NOTIFY</csvoverdueAction>
    <csvoverdueActionFlag>true</csvoverdueActionFlag>
  </csvWfOverdueAction>
  <csvWfActorAssignee handler="wt.workflow.definer.LoadWorkflow.addActorAssignee">
    <csvactor>CREATOR</csvactor>
    <csvrequired>false</csvrequired>
    <csvcompletionPolicyType>ANY</csvcompletionPolicyType>
    <csvcompletionPolicyValue>0</csvcompletionPolicyValue>
  </csvWfActorAssignee>
  <csvWfAuditAction handler="wt.workflow.definer.LoadWorkflow.addAuditAction">
    <csvauditAction>ACTIVITY_ASSIGNMENT_CHANGED</csvauditAction>
    <csvauditActionFlag>true</csvauditActionFlag>
  </csvWfAuditAction>
  <csvWfAuditAction handler="wt.workflow.definer.LoadWorkflow.addAuditAction">
    <csvauditAction>EXECUTION_ERROR</csvauditAction>
    <csvauditActionFlag>true</csvauditActionFlag>
  </csvWfAuditAction>
  <csvWfVotingAction handler="wt.workflow.definer.LoadWorkflow.addVotingAction">
    <csvvotingAction>RECORD_VOTING</csvvotingAction>
    <csvvotingActionFlag>true</csvvotingActionFlag>
  </csvWfVotingAction>
  <csvWfIgnoreUnresolvedRoleAction handler="wt.workflow.definer.LoadWorkflow.addIgnoreUnresolvedRoleAction">
    <csvignoreUnresolvedRoleAction>IGNOREUNRESOLVED_ROLE</csvignoreUnresolvedRoleAction>
    <csvignoreUnresolvedRoleActionFlag>true</csvignoreUnresolvedRoleActionFlag>
  </csvWfIgnoreUnresolvedRoleAction>
  <csvWfCreateTaskForRequiredRoleAction handler="wt.workflow.definer.LoadWorkflow.addCreateTaskForRequiredRoleAction">
    <csvcreateTaskForRequiredRoleAction>CREATETASKFORREQUIRED_ROLE</csvcreateTaskForRequiredRoleAction>
    <csvcreateTaskForRequiredRoleActionFlag>true</csvcreateTaskForRequiredRoleActionFlag>
  </csvWfCreateTaskForRequiredRoleAction>
  <csvRenderChoice handler="wt.workflow.definer.LoadWorkflow.renderTemplate"><csvrender>HTML</csvrender></csvRenderChoice>
  <csvTaskFormTemplate handler="wt.workflow.definer.LoadWorkflow.saveTaskFormTemplate"><csvTemplateName>default</csvTemplateName></csvTaskFormTemplate>
  <csvWfAssignedActivityTemplateEnd handler="wt.workflow.definer.LoadWorkflow.saveAssignedActivityTemplate"></csvWfAssignedActivityTemplateEnd>
  <csvWfAssignedActivityTemplateBegin handler="wt.workflow.definer.LoadWorkflow.createAssignedActivityTemplate">
    <csvxCoordinate>295</csvxCoordinate>
    <csvyCoordinate>646</csvyCoordinate>
    <csvrouterType>MANUAL_EXCLUSIVE</csvrouterType>
    <csvroutingEvents>Утвердить/Вернуть на доработку/</csvroutingEvents>
    <csvautoRoutingExpression></csvautoRoutingExpression>
    <csvuniqueId>wt.workflow.definer.WfAssignedActivityTemplate:97381229</csvuniqueId>
    <csvname>Главный конструктор</csvname>
    <csvdescription>Утверждение запроса на создание материала.</csvdescription>
    <csvcategory>DEFAULT</csvcategory>
    <csvinstructions>Вам назначено задание по утверждению документов.@1. Просмотрите информацию по заданию.@2. Проверьте связанные с запросом на продвижение документы.@3. Выберите Утвердить или Вернуть на доработку.@4. Нажмите Завершить задание для продолжения процесса согласования и утверждения.</csvinstructions>
    <csviconName>wt/clients/images/assignactvty.gif</csviconName>
    <csvduration>259200000</csvduration>
    <csvprocessDuration>0</csvprocessDuration>
    <csvstartDelay>0</csvstartDelay>
    <csvstartProcessDelay>0</csvstartProcessDelay>
    <csvnotifyBeforeDeadline>false</csvnotifyBeforeDeadline>
    <csvtimeToDeadline>0</csvtimeToDeadline>
    <csvnotifyAfterDeadline>false</csvnotifyAfterDeadline>
    <csvtimePastDeadline>0</csvtimePastDeadline>
    <csvresponsibleRole></csvresponsibleRole>
    <csvtask>WfTask</csvtask>
    <csvsendNotification>true</csvsendNotification>
    <csvlocalProject></csvlocalProject>
    <csvvariableProject>null</csvvariableProject>
    <csvsigningRequired>true</csvsigningRequired>
  </csvWfAssignedActivityTemplateBegin>
  <csvWfOverdueNotificationRoleAssignee handler="wt.workflow.definer.LoadWorkflow.addOverdueNotificationRole"><csvrole>CHANGE REQUEST REVIEW BOARD</csvrole></csvWfOverdueNotificationRoleAssignee>
  <csvWfOverdueNotificationRoleAssignee handler="wt.workflow.definer.LoadWorkflow.addOverdueNotificationRole"><csvrole>APPROVER_LEVEL_1</csvrole></csvWfOverdueNotificationRoleAssignee>
  <csvWfVariable handler="wt.workflow.definer.LoadWorkflow.addVariable">
    <csvname>primaryBusinessObject</csvname>
    <csvtype>wt.fc.WTObject</csvtype>
    <csvrequired>false</csvrequired>
    <csvvisible>true</csvvisible>
    <csvmutable>true</csvmutable>
    <csvresetable>true</csvresetable>
    <csvinitializeFrom>primaryBusinessObject</csvinitializeFrom>
    <csvcopyInto>primaryBusinessObject</csvcopyInto>
    <csvdefaultValue></csvdefaultValue>
    <csvpermissionList>0</csvpermissionList>
    <csvreadOnly>false</csvreadOnly>
    <csvdisplayNames></csvdisplayNames>
  </csvWfVariable>
  <csvWfOverdueAction handler="wt.workflow.definer.LoadWorkflow.addOverdueAction">
    <csvoverdueAction>NOTIFY</csvoverdueAction>
    <csvoverdueActionFlag>true</csvoverdueActionFlag>
  </csvWfOverdueAction>
  <csvWfRoleAssignee handler="wt.workflow.definer.LoadWorkflow.addRoleAssignee">
    <csvrole>CHIEF DESIGNER</csvrole>
    <csvrequired>false</csvrequired>
    <csvcompletionPolicyType>ANY</csvcompletionPolicyType>
    <csvcompletionPolicyValue>0</csvcompletionPolicyValue>
    <csvexternalTask>false</csvexternalTask>
  </csvWfRoleAssignee>
  <csvWfAuditAction handler="wt.workflow.definer.LoadWorkflow.addAuditAction">
    <csvauditAction>ACTIVITY_ASSIGNMENT_CHANGED</csvauditAction>
    <csvauditActionFlag>true</csvauditActionFlag>
  </csvWfAuditAction>
  <csvWfAuditAction handler="wt.workflow.definer.LoadWorkflow.addAuditAction">
    <csvauditAction>EXECUTION_ERROR</csvauditAction>
    <csvauditActionFlag>true</csvauditActionFlag>
  </csvWfAuditAction>
  <csvWfVotingAction handler="wt.workflow.definer.LoadWorkflow.addVotingAction">
    <csvvotingAction>RECORD_VOTING</csvvotingAction>
    <csvvotingActionFlag>true</csvvotingActionFlag>
  </csvWfVotingAction>
  <csvWfIgnoreUnresolvedRoleAction handler="wt.workflow.definer.LoadWorkflow.addIgnoreUnresolvedRoleAction">
    <csvignoreUnresolvedRoleAction>IGNOREUNRESOLVED_ROLE</csvignoreUnresolvedRoleAction>
    <csvignoreUnresolvedRoleActionFlag>true</csvignoreUnresolvedRoleActionFlag>
  </csvWfIgnoreUnresolvedRoleAction>
  <csvWfCreateTaskForRequiredRoleAction handler="wt.workflow.definer.LoadWorkflow.addCreateTaskForRequiredRoleAction">
    <csvcreateTaskForRequiredRoleAction>CREATETASKFORREQUIRED_ROLE</csvcreateTaskForRequiredRoleAction>
    <csvcreateTaskForRequiredRoleActionFlag>true</csvcreateTaskForRequiredRoleActionFlag>
  </csvWfCreateTaskForRequiredRoleAction>
  <csvRenderChoice handler="wt.workflow.definer.LoadWorkflow.renderTemplate"><csvrender>HTML</csvrender></csvRenderChoice>
  <csvTaskFormTemplate handler="wt.workflow.definer.LoadWorkflow.saveTaskFormTemplate"><csvTemplateName>default</csvTemplateName></csvTaskFormTemplate>
  <csvWfAssignedActivityTemplateEnd handler="wt.workflow.definer.LoadWorkflow.saveAssignedActivityTemplate"></csvWfAssignedActivityTemplateEnd>
  <csvWfAssignedActivityTemplateBegin handler="wt.workflow.definer.LoadWorkflow.createAssignedActivityTemplate">
    <csvxCoordinate>292</csvxCoordinate>
    <csvyCoordinate>546</csvyCoordinate>
    <csvrouterType>MANUAL_EXCLUSIVE</csvrouterType>
    <csvroutingEvents>Согласовать/Вернуть на доработку/</csvroutingEvents>
    <csvautoRoutingExpression></csvautoRoutingExpression>
    <csvuniqueId>wt.workflow.definer.WfAssignedActivityTemplate:97381231</csvuniqueId>
    <csvname>Нормоконтролер</csvname>
    <csvdescription>Нормоконтроль комплекта документов.</csvdescription>
    <csvcategory>DEFAULT</csvcategory>
    <csvinstructions>Вам назначено задание по проверке документов.@1. Просмотрите информацию по заданию.@2. Проверьте связанные с запросом на продвижение документы.@3. Выберите Согласовать или Вернуть на доработку.@4. Нажмите Завершить задание для продолжения процесса согласования и утверждения.</csvinstructions>
    <csviconName>wt/clients/images/assignactvty.gif</csviconName>
    <csvduration>259200000</csvduration>
    <csvprocessDuration>0</csvprocessDuration>
    <csvstartDelay>0</csvstartDelay>
    <csvstartProcessDelay>0</csvstartProcessDelay>
    <csvnotifyBeforeDeadline>false</csvnotifyBeforeDeadline>
    <csvtimeToDeadline>0</csvtimeToDeadline>
    <csvnotifyAfterDeadline>false</csvnotifyAfterDeadline>
    <csvtimePastDeadline>0</csvtimePastDeadline>
    <csvresponsibleRole></csvresponsibleRole>
    <csvtask>WfTask</csvtask>
    <csvsendNotification>true</csvsendNotification>
    <csvlocalProject></csvlocalProject>
    <csvvariableProject>null</csvvariableProject>
    <csvsigningRequired>true</csvsigningRequired>
  </csvWfAssignedActivityTemplateBegin>
  <csvWfOverdueNotificationRoleAssignee handler="wt.workflow.definer.LoadWorkflow.addOverdueNotificationRole"><csvrole>TEAM_DESIGN_LOGICAL_INTEGRATOR</csvrole></csvWfOverdueNotificationRoleAssignee>
  <csvWfOverdueNotificationRoleAssignee handler="wt.workflow.definer.LoadWorkflow.addOverdueNotificationRole"><csvrole>PRODUCTION PLANNER</csvrole></csvWfOverdueNotificationRoleAssignee>
  <csvWfVariable handler="wt.workflow.definer.LoadWorkflow.addVariable">
    <csvname>primaryBusinessObject</csvname>
    <csvtype>wt.fc.WTObject</csvtype>
    <csvrequired>false</csvrequired>
    <csvvisible>true</csvvisible>
    <csvmutable>true</csvmutable>
    <csvresetable>true</csvresetable>
    <csvinitializeFrom>primaryBusinessObject</csvinitializeFrom>
    <csvcopyInto>primaryBusinessObject</csvcopyInto>
    <csvdefaultValue></csvdefaultValue>
    <csvpermissionList>0</csvpermissionList>
    <csvreadOnly>false</csvreadOnly>
    <csvdisplayNames></csvdisplayNames>
  </csvWfVariable>
  <csvWfOverdueAction handler="wt.workflow.definer.LoadWorkflow.addOverdueAction">
    <csvoverdueAction>NOTIFY</csvoverdueAction>
    <csvoverdueActionFlag>true</csvoverdueActionFlag>
  </csvWfOverdueAction>
  <csvWfRoleAssignee handler="wt.workflow.definer.LoadWorkflow.addRoleAssignee">
    <csvrole>CONTROLLER</csvrole>
    <csvrequired>true</csvrequired>
    <csvcompletionPolicyType>ANY</csvcompletionPolicyType>
    <csvcompletionPolicyValue>0</csvcompletionPolicyValue>
    <csvexternalTask>false</csvexternalTask>
  </csvWfRoleAssignee>
  <csvWfResourcePool handler="wt.workflow.definer.LoadWorkflow.addResourcePool">
    <csvrole>CONTROLLER</csvrole>
    <csvresourcePoolType>Context Team</csvresourcePoolType>
    <csvresourcePoolName>Context Team</csvresourcePoolName>
  </csvWfResourcePool>
  <csvWfAuditAction handler="wt.workflow.definer.LoadWorkflow.addAuditAction">
    <csvauditAction>ACTIVITY_ASSIGNMENT_CHANGED</csvauditAction>
    <csvauditActionFlag>true</csvauditActionFlag>
  </csvWfAuditAction>
  <csvWfAuditAction handler="wt.workflow.definer.LoadWorkflow.addAuditAction">
    <csvauditAction>EXECUTION_ERROR</csvauditAction>
    <csvauditActionFlag>true</csvauditActionFlag>
  </csvWfAuditAction>
  <csvWfVotingAction handler="wt.workflow.definer.LoadWorkflow.addVotingAction">
    <csvvotingAction>RECORD_VOTING</csvvotingAction>
    <csvvotingActionFlag>true</csvvotingActionFlag>
  </csvWfVotingAction>
  <csvWfIgnoreUnresolvedRoleAction handler="wt.workflow.definer.LoadWorkflow.addIgnoreUnresolvedRoleAction">
    <csvignoreUnresolvedRoleAction>IGNOREUNRESOLVED_ROLE</csvignoreUnresolvedRoleAction>
    <csvignoreUnresolvedRoleActionFlag>true</csvignoreUnresolvedRoleActionFlag>
  </csvWfIgnoreUnresolvedRoleAction>
  <csvWfCreateTaskForRequiredRoleAction handler="wt.workflow.definer.LoadWorkflow.addCreateTaskForRequiredRoleAction">
    <csvcreateTaskForRequiredRoleAction>CREATETASKFORREQUIRED_ROLE</csvcreateTaskForRequiredRoleAction>
    <csvcreateTaskForRequiredRoleActionFlag>true</csvcreateTaskForRequiredRoleActionFlag>
  </csvWfCreateTaskForRequiredRoleAction>
  <csvRenderChoice handler="wt.workflow.definer.LoadWorkflow.renderTemplate"><csvrender>HTML</csvrender></csvRenderChoice>
  <csvTaskFormTemplate handler="wt.workflow.definer.LoadWorkflow.saveTaskFormTemplate"><csvTemplateName>default</csvTemplateName></csvTaskFormTemplate>
  <csvWfAssignedActivityTemplateEnd handler="wt.workflow.definer.LoadWorkflow.saveAssignedActivityTemplate"></csvWfAssignedActivityTemplateEnd>
  <csvWfAssignedActivityTemplateBegin handler="wt.workflow.definer.LoadWorkflow.createAssignedActivityTemplate">
    <csvxCoordinate>292</csvxCoordinate>
    <csvyCoordinate>440</csvyCoordinate>
    <csvrouterType>MANUAL_EXCLUSIVE</csvrouterType>
    <csvroutingEvents>Согласовать/Вернуть на доработку/</csvroutingEvents>
    <csvautoRoutingExpression></csvautoRoutingExpression>
    <csvuniqueId>wt.workflow.definer.WfAssignedActivityTemplate:97381233</csvuniqueId>
    <csvname>Администратор библиотеки материалов</csvname>
    <csvdescription>Проверить наличие запрошенных материалов в библиотеке материалов.</csvdescription>
    <csvcategory>DEFAULT</csvcategory>
    <csvinstructions>1. Проверить наличие запрошенных материалов в библиотеке материалов.@2. Создать в библиотеке материалов новые запрошенные материалы и классифицировать их.@3. Добавить вновь созданные материалы к запросу.</csvinstructions>
    <csviconName>wt/clients/images/assignactvty.gif</csviconName>
    <csvduration>259200000</csvduration>
    <csvprocessDuration>0</csvprocessDuration>
    <csvstartDelay>0</csvstartDelay>
    <csvstartProcessDelay>0</csvstartProcessDelay>
    <csvnotifyBeforeDeadline>false</csvnotifyBeforeDeadline>
    <csvtimeToDeadline>0</csvtimeToDeadline>
    <csvnotifyAfterDeadline>false</csvnotifyAfterDeadline>
    <csvtimePastDeadline>0</csvtimePastDeadline>
    <csvresponsibleRole></csvresponsibleRole>
    <csvtask>WfTask</csvtask>
    <csvsendNotification>true</csvsendNotification>
    <csvlocalProject></csvlocalProject>
    <csvvariableProject>null</csvvariableProject>
    <csvsigningRequired>true</csvsigningRequired>
  </csvWfAssignedActivityTemplateBegin>
  <csvWfOverdueNotificationRoleAssignee handler="wt.workflow.definer.LoadWorkflow.addOverdueNotificationRole"><csvrole>TEAM_DESIGN_LOGICAL_INTEGRATOR</csvrole></csvWfOverdueNotificationRoleAssignee>
  <csvWfOverdueNotificationRoleAssignee handler="wt.workflow.definer.LoadWorkflow.addOverdueNotificationRole"><csvrole>PRODUCTION PLANNER</csvrole></csvWfOverdueNotificationRoleAssignee>
  <csvWfVariable handler="wt.workflow.definer.LoadWorkflow.addVariable">
    <csvname>primaryBusinessObject</csvname>
    <csvtype>wt.fc.WTObject</csvtype>
    <csvrequired>false</csvrequired>
    <csvvisible>true</csvvisible>
    <csvmutable>true</csvmutable>
    <csvresetable>true</csvresetable>
    <csvinitializeFrom>primaryBusinessObject</csvinitializeFrom>
    <csvcopyInto>primaryBusinessObject</csvcopyInto>
    <csvdefaultValue></csvdefaultValue>
    <csvpermissionList>0</csvpermissionList>
    <csvreadOnly>false</csvreadOnly>
    <csvdisplayNames></csvdisplayNames>
  </csvWfVariable>
  <csvWfOverdueAction handler="wt.workflow.definer.LoadWorkflow.addOverdueAction">
    <csvoverdueAction>NOTIFY</csvoverdueAction>
    <csvoverdueActionFlag>true</csvoverdueActionFlag>
  </csvWfOverdueAction>
  <csvWfRoleAssignee handler="wt.workflow.definer.LoadWorkflow.addRoleAssignee">
    <csvrole>MATERIAL LIBRARY MANAGER</csvrole>
    <csvrequired>false</csvrequired>
    <csvcompletionPolicyType>ANY</csvcompletionPolicyType>
    <csvcompletionPolicyValue>0</csvcompletionPolicyValue>
    <csvexternalTask>false</csvexternalTask>
  </csvWfRoleAssignee>
  <csvWfResourcePool handler="wt.workflow.definer.LoadWorkflow.addResourcePool">
    <csvrole>CONTROLLER</csvrole>
    <csvresourcePoolType>Context Team</csvresourcePoolType>
    <csvresourcePoolName>Context Team</csvresourcePoolName>
  </csvWfResourcePool>
  <csvWfResourcePool handler="wt.workflow.definer.LoadWorkflow.addResourcePool">
    <csvrole>MATERIAL LIBRARY MANAGER</csvrole>
    <csvresourcePoolType>Context Team</csvresourcePoolType>
    <csvresourcePoolName>Context Team</csvresourcePoolName>
  </csvWfResourcePool>
  <csvWfResourcePool handler="wt.workflow.definer.LoadWorkflow.addResourcePool">
    <csvrole>CHIEF DESIGNER</csvrole>
    <csvresourcePoolType>Context Team</csvresourcePoolType>
    <csvresourcePoolName>Context Team</csvresourcePoolName>
  </csvWfResourcePool>
  <csvWfAuditAction handler="wt.workflow.definer.LoadWorkflow.addAuditAction">
    <csvauditAction>ACTIVITY_ASSIGNMENT_CHANGED</csvauditAction>
    <csvauditActionFlag>true</csvauditActionFlag>
  </csvWfAuditAction>
  <csvWfAuditAction handler="wt.workflow.definer.LoadWorkflow.addAuditAction">
    <csvauditAction>EXECUTION_ERROR</csvauditAction>
    <csvauditActionFlag>true</csvauditActionFlag>
  </csvWfAuditAction>
  <csvWfVotingAction handler="wt.workflow.definer.LoadWorkflow.addVotingAction">
    <csvvotingAction>RECORD_VOTING</csvvotingAction>
    <csvvotingActionFlag>true</csvvotingActionFlag>
  </csvWfVotingAction>
  <csvWfIgnoreUnresolvedRoleAction handler="wt.workflow.definer.LoadWorkflow.addIgnoreUnresolvedRoleAction">
    <csvignoreUnresolvedRoleAction>IGNOREUNRESOLVED_ROLE</csvignoreUnresolvedRoleAction>
    <csvignoreUnresolvedRoleActionFlag>true</csvignoreUnresolvedRoleActionFlag>
  </csvWfIgnoreUnresolvedRoleAction>
  <csvWfCreateTaskForRequiredRoleAction handler="wt.workflow.definer.LoadWorkflow.addCreateTaskForRequiredRoleAction">
    <csvcreateTaskForRequiredRoleAction>CREATETASKFORREQUIRED_ROLE</csvcreateTaskForRequiredRoleAction>
    <csvcreateTaskForRequiredRoleActionFlag>true</csvcreateTaskForRequiredRoleActionFlag>
  </csvWfCreateTaskForRequiredRoleAction>
  <csvRenderChoice handler="wt.workflow.definer.LoadWorkflow.renderTemplate"><csvrender>HTML</csvrender></csvRenderChoice>
  <csvTaskFormTemplate handler="wt.workflow.definer.LoadWorkflow.saveTaskFormTemplate"><csvTemplateName>default</csvTemplateName></csvTaskFormTemplate>
  <csvWfAssignedActivityTemplateEnd handler="wt.workflow.definer.LoadWorkflow.saveAssignedActivityTemplate"></csvWfAssignedActivityTemplateEnd>
  <csvWfExprRobotTemplateBegin handler="wt.workflow.definer.LoadWorkflow.createExprRobotTemplate">
    <csvxCoordinate>292</csvxCoordinate>
    <csvyCoordinate>38</csvyCoordinate>
    <csvrouterType>NONE</csvrouterType>
    <csvroutingEvents></csvroutingEvents>
    <csvautoRoutingExpression></csvautoRoutingExpression>
    <csvuniqueId>wt.workflow.definer.WfExprRobotTemplate:97381235</csvuniqueId>
    <csvname>Блокировка</csvname>
    <csvdescription>null</csvdescription>
    <csvcategory>DEFAULT</csvcategory>
    <csvinstructions></csvinstructions>
    <csviconName>wt/clients/images/methrobt.gif</csviconName>
    <csvduration>0</csvduration>
    <csvprocessDuration>0</csvprocessDuration>
    <csvstartDelay>0</csvstartDelay>
    <csvstartProcessDelay>0</csvstartProcessDelay>
    <csvnotifyBeforeDeadline>false</csvnotifyBeforeDeadline>
    <csvtimeToDeadline>0</csvtimeToDeadline>
    <csvnotifyAfterDeadline>false</csvnotifyAfterDeadline>
    <csvtimePastDeadline>0</csvtimePastDeadline>
    <csvresponsibleRole></csvresponsibleRole>
    <csvhost>localhost</csvhost>
  </csvWfExprRobotTemplateBegin>
  <csvWfVariable handler="wt.workflow.definer.LoadWorkflow.addVariable">
    <csvname>primaryBusinessObject</csvname>
    <csvtype>wt.fc.WTObject</csvtype>
    <csvrequired>false</csvrequired>
    <csvvisible>true</csvvisible>
    <csvmutable>true</csvmutable>
    <csvresetable>true</csvresetable>
    <csvinitializeFrom>primaryBusinessObject</csvinitializeFrom>
    <csvcopyInto>primaryBusinessObject</csvcopyInto>
    <csvdefaultValue></csvdefaultValue>
    <csvpermissionList>0</csvpermissionList>
    <csvreadOnly>false</csvreadOnly>
    <csvdisplayNames></csvdisplayNames>
  </csvWfVariable>
  <csvWfVariable handler="wt.workflow.definer.LoadWorkflow.addVariable">
    <csvname>inInitialPhase</csvname>
    <csvtype>boolean</csvtype>
    <csvrequired>false</csvrequired>
    <csvvisible>false</csvvisible>
    <csvmutable>true</csvmutable>
    <csvresetable>false</csvresetable>
    <csvinitializeFrom></csvinitializeFrom>
    <csvcopyInto></csvcopyInto>
    <csvdefaultValue>true</csvdefaultValue>
    <csvpermissionList>0</csvpermissionList>
    <csvreadOnly>false</csvreadOnly>
    <csvdisplayNames></csvdisplayNames>
  </csvWfVariable>
  <csvWfVariable handler="wt.workflow.definer.LoadWorkflow.addVariable">
    <csvname>VERBOSE</csvname>
    <csvtype>boolean</csvtype>
    <csvrequired>false</csvrequired>
    <csvvisible>true</csvvisible>
    <csvmutable>true</csvmutable>
    <csvresetable>true</csvresetable>
    <csvinitializeFrom></csvinitializeFrom>
    <csvcopyInto></csvcopyInto>
    <csvdefaultValue>true</csvdefaultValue>
    <csvpermissionList>0</csvpermissionList>
    <csvreadOnly>false</csvreadOnly>
    <csvdisplayNames></csvdisplayNames>
  </csvWfVariable>
  <csvWfVariable handler="wt.workflow.definer.LoadWorkflow.addVariable">
    <csvname>errorMsg</csvname>
    <csvtype>java.lang.String</csvtype>
    <csvrequired>false</csvrequired>
    <csvvisible>true</csvvisible>
    <csvmutable>true</csvmutable>
    <csvresetable>true</csvresetable>
    <csvinitializeFrom></csvinitializeFrom>
    <csvcopyInto></csvcopyInto>
    <csvdefaultValue></csvdefaultValue>
    <csvpermissionList>0</csvpermissionList>
    <csvreadOnly>false</csvreadOnly>
    <csvdisplayNames></csvdisplayNames>
  </csvWfVariable>
  <csvWfVariable handler="wt.workflow.definer.LoadWorkflow.addVariable">
    <csvname>special_instructions</csvname>
    <csvtype>java.lang.String</csvtype>
    <csvrequired>false</csvrequired>
    <csvvisible>true</csvvisible>
    <csvmutable>true</csvmutable>
    <csvresetable>true</csvresetable>
    <csvinitializeFrom></csvinitializeFrom>
    <csvcopyInto></csvcopyInto>
    <csvdefaultValue></csvdefaultValue>
    <csvpermissionList>0</csvpermissionList>
    <csvreadOnly>false</csvreadOnly>
    <csvdisplayNames></csvdisplayNames>
  </csvWfVariable>
  <csvWfVariable handler="wt.workflow.definer.LoadWorkflow.addVariable">
    <csvname>reviseValidationMsg</csvname>
    <csvtype>java.lang.String</csvtype>
    <csvrequired>false</csvrequired>
    <csvvisible>true</csvvisible>
    <csvmutable>true</csvmutable>
    <csvresetable>true</csvresetable>
    <csvinitializeFrom></csvinitializeFrom>
    <csvcopyInto></csvcopyInto>
    <csvdefaultValue></csvdefaultValue>
    <csvpermissionList>0</csvpermissionList>
    <csvreadOnly>false</csvreadOnly>
    <csvdisplayNames></csvdisplayNames>
  </csvWfVariable>
  <csvWfVariable handler="wt.workflow.definer.LoadWorkflow.addVariable">
    <csvname>latestIterationsValidationMsg</csvname>
    <csvtype>java.lang.String</csvtype>
    <csvrequired>false</csvrequired>
    <csvvisible>true</csvvisible>
    <csvmutable>true</csvmutable>
    <csvresetable>true</csvresetable>
    <csvinitializeFrom></csvinitializeFrom>
    <csvcopyInto></csvcopyInto>
    <csvdefaultValue></csvdefaultValue>
    <csvpermissionList>0</csvpermissionList>
    <csvreadOnly>false</csvreadOnly>
    <csvdisplayNames></csvdisplayNames>
  </csvWfVariable>
  <csvWfExpression handler="wt.workflow.definer.LoadWorkflow.addExpression">
    <csvexpression>_ROBOT_EXPRESSION_</csvexpression>
    <csvexprBody>wt.maturity.PromotionNotice pn = (wt.maturity.PromotionNotice)primaryBusinessObject;@try@{@wt.util.WTProperties props = wt.util.WTProperties.getLocalProperties();@VERBOSE = props.getProperty(&quot;wt.maturity.verbose&quot;#VERBOSE);@}@catch( Throwable t )@{@ @} @try@{@     com.ptc.windchill.enterprise.maturity.PromotionNoticeWorkflowHelper.refresh(pn);@     wt.maturity.MaturityServerHelper.service.lockTargets( pn );@     special_instructions = &quot;&quot;;@ @}@catch( Exception wte )@{@   if ( VERBOSE )@      wte.printStackTrace();@   special_instructions = wte.getLocalizedMessage();@ @}</csvexprBody>
    <csvcheckSyntax>false</csvcheckSyntax>
  </csvWfExpression>
  <csvWfExprRobotTemplateEnd handler="wt.workflow.definer.LoadWorkflow.saveExprRobotTemplate"></csvWfExprRobotTemplateEnd>
  <csvWfExprRobotTemplateBegin handler="wt.workflow.definer.LoadWorkflow.createExprRobotTemplate">
    <csvxCoordinate>667</csvxCoordinate>
    <csvyCoordinate>452</csvyCoordinate>
    <csvrouterType>NONE</csvrouterType>
    <csvroutingEvents></csvroutingEvents>
    <csvautoRoutingExpression></csvautoRoutingExpression>
    <csvuniqueId>wt.workflow.definer.WfExprRobotTemplate:97381238</csvuniqueId>
    <csvname>Разблокировка объектов</csvname>
    <csvdescription>null</csvdescription>
    <csvcategory>DEFAULT</csvcategory>
    <csvinstructions></csvinstructions>
    <csviconName>wt/clients/images/methrobt.gif</csviconName>
    <csvduration>0</csvduration>
    <csvprocessDuration>0</csvprocessDuration>
    <csvstartDelay>0</csvstartDelay>
    <csvstartProcessDelay>0</csvstartProcessDelay>
    <csvnotifyBeforeDeadline>false</csvnotifyBeforeDeadline>
    <csvtimeToDeadline>0</csvtimeToDeadline>
    <csvnotifyAfterDeadline>false</csvnotifyAfterDeadline>
    <csvtimePastDeadline>0</csvtimePastDeadline>
    <csvresponsibleRole></csvresponsibleRole>
    <csvhost>localhost</csvhost>
  </csvWfExprRobotTemplateBegin>
  <csvWfVariable handler="wt.workflow.definer.LoadWorkflow.addVariable">
    <csvname>primaryBusinessObject</csvname>
    <csvtype>wt.fc.WTObject</csvtype>
    <csvrequired>false</csvrequired>
    <csvvisible>true</csvvisible>
    <csvmutable>true</csvmutable>
    <csvresetable>true</csvresetable>
    <csvinitializeFrom>primaryBusinessObject</csvinitializeFrom>
    <csvcopyInto>primaryBusinessObject</csvcopyInto>
    <csvdefaultValue></csvdefaultValue>
    <csvpermissionList>0</csvpermissionList>
    <csvreadOnly>false</csvreadOnly>
    <csvdisplayNames></csvdisplayNames>
  </csvWfVariable>
  <csvWfVariable handler="wt.workflow.definer.LoadWorkflow.addVariable">
    <csvname>inInitialPhase</csvname>
    <csvtype>boolean</csvtype>
    <csvrequired>false</csvrequired>
    <csvvisible>false</csvvisible>
    <csvmutable>true</csvmutable>
    <csvresetable>false</csvresetable>
    <csvinitializeFrom></csvinitializeFrom>
    <csvcopyInto></csvcopyInto>
    <csvdefaultValue>true</csvdefaultValue>
    <csvpermissionList>0</csvpermissionList>
    <csvreadOnly>false</csvreadOnly>
    <csvdisplayNames></csvdisplayNames>
  </csvWfVariable>
  <csvWfVariable handler="wt.workflow.definer.LoadWorkflow.addVariable">
    <csvname>VERBOSE</csvname>
    <csvtype>boolean</csvtype>
    <csvrequired>false</csvrequired>
    <csvvisible>true</csvvisible>
    <csvmutable>true</csvmutable>
    <csvresetable>true</csvresetable>
    <csvinitializeFrom></csvinitializeFrom>
    <csvcopyInto></csvcopyInto>
    <csvdefaultValue>true</csvdefaultValue>
    <csvpermissionList>0</csvpermissionList>
    <csvreadOnly>false</csvreadOnly>
    <csvdisplayNames></csvdisplayNames>
  </csvWfVariable>
  <csvWfVariable handler="wt.workflow.definer.LoadWorkflow.addVariable">
    <csvname>errorMsg</csvname>
    <csvtype>java.lang.String</csvtype>
    <csvrequired>false</csvrequired>
    <csvvisible>true</csvvisible>
    <csvmutable>true</csvmutable>
    <csvresetable>true</csvresetable>
    <csvinitializeFrom></csvinitializeFrom>
    <csvcopyInto></csvcopyInto>
    <csvdefaultValue></csvdefaultValue>
    <csvpermissionList>0</csvpermissionList>
    <csvreadOnly>false</csvreadOnly>
    <csvdisplayNames></csvdisplayNames>
  </csvWfVariable>
  <csvWfVariable handler="wt.workflow.definer.LoadWorkflow.addVariable">
    <csvname>special_instructions</csvname>
    <csvtype>java.lang.String</csvtype>
    <csvrequired>false</csvrequired>
    <csvvisible>true</csvvisible>
    <csvmutable>true</csvmutable>
    <csvresetable>true</csvresetable>
    <csvinitializeFrom></csvinitializeFrom>
    <csvcopyInto></csvcopyInto>
    <csvdefaultValue></csvdefaultValue>
    <csvpermissionList>0</csvpermissionList>
    <csvreadOnly>false</csvreadOnly>
    <csvdisplayNames></csvdisplayNames>
  </csvWfVariable>
  <csvWfVariable handler="wt.workflow.definer.LoadWorkflow.addVariable">
    <csvname>reviseValidationMsg</csvname>
    <csvtype>java.lang.String</csvtype>
    <csvrequired>false</csvrequired>
    <csvvisible>true</csvvisible>
    <csvmutable>true</csvmutable>
    <csvresetable>true</csvresetable>
    <csvinitializeFrom></csvinitializeFrom>
    <csvcopyInto></csvcopyInto>
    <csvdefaultValue></csvdefaultValue>
    <csvpermissionList>0</csvpermissionList>
    <csvreadOnly>false</csvreadOnly>
    <csvdisplayNames></csvdisplayNames>
  </csvWfVariable>
  <csvWfVariable handler="wt.workflow.definer.LoadWorkflow.addVariable">
    <csvname>latestIterationsValidationMsg</csvname>
    <csvtype>java.lang.String</csvtype>
    <csvrequired>false</csvrequired>
    <csvvisible>true</csvvisible>
    <csvmutable>true</csvmutable>
    <csvresetable>true</csvresetable>
    <csvinitializeFrom></csvinitializeFrom>
    <csvcopyInto></csvcopyInto>
    <csvdefaultValue></csvdefaultValue>
    <csvpermissionList>0</csvpermissionList>
    <csvreadOnly>false</csvreadOnly>
    <csvdisplayNames></csvdisplayNames>
  </csvWfVariable>
  <csvWfExpression handler="wt.workflow.definer.LoadWorkflow.addExpression">
    <csvexpression>_ROBOT_EXPRESSION_</csvexpression>
    <csvexprBody>wt.maturity.PromotionNotice pn = (wt.maturity.PromotionNotice)primaryBusinessObject;@try@{@wt.util.WTProperties props = wt.util.WTProperties.getLocalProperties();@VERBOSE = props.getProperty(&quot;wt.maturity.verbose&quot;#VERBOSE);@}@catch( Throwable t )@{@ @}@@try{@     wt.maturity.MaturityServerHelper.service.unlockTargets (pn);@} catch (wt.maturity.MaturityException me){@       if ( VERBOSE )@         me.printStackTrace();     @}</csvexprBody>
    <csvcheckSyntax>false</csvcheckSyntax>
  </csvWfExpression>
  <csvWfExprRobotTemplateEnd handler="wt.workflow.definer.LoadWorkflow.saveExprRobotTemplate"></csvWfExprRobotTemplateEnd>
  <csvWfInternalMethodTemplateBegin handler="wt.workflow.definer.LoadWorkflow.createInternalMethodTemplate">
    <csvxCoordinate>1085</csvxCoordinate>
    <csvyCoordinate>646</csvyCoordinate>
    <csvrouterType>NONE</csvrouterType>
    <csvroutingEvents></csvroutingEvents>
    <csvautoRoutingExpression></csvautoRoutingExpression>
    <csvuniqueId>wt.workflow.definer.WfInternalMethodTemplate:97381241</csvuniqueId>
    <csvname>Уведомление об утверждении</csvname>
    <csvdescription>null</csvdescription>
    <csvcategory>DEFAULT</csvcategory>
    <csvinstructions></csvinstructions>
    <csviconName>wt/clients/images/notifrobt.gif</csviconName>
    <csvduration>0</csvduration>
    <csvprocessDuration>0</csvprocessDuration>
    <csvstartDelay>0</csvstartDelay>
    <csvstartProcessDelay>0</csvstartProcessDelay>
    <csvnotifyBeforeDeadline>false</csvnotifyBeforeDeadline>
    <csvtimeToDeadline>0</csvtimeToDeadline>
    <csvnotifyAfterDeadline>false</csvnotifyAfterDeadline>
    <csvtimePastDeadline>0</csvtimePastDeadline>
    <csvresponsibleRole></csvresponsibleRole>
    <csvhost>localhost</csvhost>
    <csvserviceName>wt.workflow.work.WorkflowService</csvserviceName>
    <csvmethodName>sendNotification</csvmethodName>
    <csvmethodReturn>null</csvmethodReturn>
  </csvWfInternalMethodTemplateBegin>
  <csvWfVariable handler="wt.workflow.definer.LoadWorkflow.addVariable">
    <csvname>subject</csvname>
    <csvtype>java.lang.String</csvtype>
    <csvrequired>false</csvrequired>
    <csvvisible>false</csvvisible>
    <csvmutable>true</csvmutable>
    <csvresetable>true</csvresetable>
    <csvinitializeFrom></csvinitializeFrom>
    <csvcopyInto></csvcopyInto>
    <csvdefaultValue>\#$МЗКТ$\# Уведомление об утверждении</csvdefaultValue>
    <csvpermissionList>0</csvpermissionList>
    <csvreadOnly>false</csvreadOnly>
    <csvdisplayNames></csvdisplayNames>
  </csvWfVariable>
  <csvWfVariable handler="wt.workflow.definer.LoadWorkflow.addVariable">
    <csvname>message</csvname>
    <csvtype>java.lang.String</csvtype>
    <csvrequired>false</csvrequired>
    <csvvisible>false</csvvisible>
    <csvmutable>true</csvmutable>
    <csvresetable>true</csvresetable>
    <csvinitializeFrom></csvinitializeFrom>
    <csvcopyInto></csvcopyInto>
    <csvdefaultValue>{primaryBusinessObject} был согласован и утвержден. Объекты# указанные для продвижения# переведы в состояние Утверждено.</csvdefaultValue>
    <csvpermissionList>0</csvpermissionList>
    <csvreadOnly>false</csvreadOnly>
    <csvdisplayNames></csvdisplayNames>
  </csvWfVariable>
  <csvWfVariable handler="wt.workflow.definer.LoadWorkflow.addVariable">
    <csvname>emailAddrs</csvname>
    <csvtype>wt.workflow.engine.WfExternalRecipientList</csvtype>
    <csvrequired>false</csvrequired>
    <csvvisible>false</csvvisible>
    <csvmutable>true</csvmutable>
    <csvresetable>true</csvresetable>
    <csvinitializeFrom></csvinitializeFrom>
    <csvcopyInto></csvcopyInto>
    <csvdefaultValue>[]</csvdefaultValue>
    <csvpermissionList>0</csvpermissionList>
    <csvreadOnly>false</csvreadOnly>
    <csvdisplayNames></csvdisplayNames>
  </csvWfVariable>
  <csvWfVariable handler="wt.workflow.definer.LoadWorkflow.addVariable">
    <csvname>msgTemplateName</csvname>
    <csvtype>java.lang.String</csvtype>
    <csvrequired>false</csvrequired>
    <csvvisible>false</csvvisible>
    <csvmutable>true</csvmutable>
    <csvresetable>true</csvresetable>
    <csvinitializeFrom></csvinitializeFrom>
    <csvcopyInto></csvcopyInto>
    <csvdefaultValue>NotificationRobot</csvdefaultValue>
    <csvpermissionList>0</csvpermissionList>
    <csvreadOnly>false</csvreadOnly>
    <csvdisplayNames></csvdisplayNames>
  </csvWfVariable>
  <csvWfVariable handler="wt.workflow.definer.LoadWorkflow.addVariable">
    <csvname>attachments</csvname>
    <csvtype>wt.workflow.engine.WfEmailAttachments</csvtype>
    <csvrequired>false</csvrequired>
    <csvvisible>false</csvvisible>
    <csvmutable>true</csvmutable>
    <csvresetable>true</csvresetable>
    <csvinitializeFrom></csvinitializeFrom>
    <csvcopyInto></csvcopyInto>
    <csvdefaultValue></csvdefaultValue>
    <csvpermissionList>0</csvpermissionList>
    <csvreadOnly>false</csvreadOnly>
    <csvdisplayNames></csvdisplayNames>
  </csvWfVariable>
  <csvWfVariable handler="wt.workflow.definer.LoadWorkflow.addVariable">
    <csvname>subjectCheck</csvname>
    <csvtype>java.lang.Boolean</csvtype>
    <csvrequired>false</csvrequired>
    <csvvisible>false</csvvisible>
    <csvmutable>true</csvmutable>
    <csvresetable>true</csvresetable>
    <csvinitializeFrom></csvinitializeFrom>
    <csvcopyInto></csvcopyInto>
    <csvdefaultValue>false</csvdefaultValue>
    <csvpermissionList>0</csvpermissionList>
    <csvreadOnly>false</csvreadOnly>
    <csvdisplayNames></csvdisplayNames>
  </csvWfVariable>
  <csvWfVariable handler="wt.workflow.definer.LoadWorkflow.addVariable">
    <csvname>primaryBusinessObject</csvname>
    <csvtype>wt.fc.WTObject</csvtype>
    <csvrequired>false</csvrequired>
    <csvvisible>true</csvvisible>
    <csvmutable>true</csvmutable>
    <csvresetable>true</csvresetable>
    <csvinitializeFrom></csvinitializeFrom>
    <csvcopyInto></csvcopyInto>
    <csvdefaultValue></csvdefaultValue>
    <csvpermissionList>0</csvpermissionList>
    <csvreadOnly>false</csvreadOnly>
    <csvdisplayNames></csvdisplayNames>
  </csvWfVariable>
  <csvWfActorAssignee handler="wt.workflow.definer.LoadWorkflow.addActorAssignee">
    <csvactor>CREATOR</csvactor>
    <csvrequired></csvrequired>
    <csvcompletionPolicyType></csvcompletionPolicyType>
    <csvcompletionPolicyValue></csvcompletionPolicyValue>
  </csvWfActorAssignee>
  <csvWfSignature handler="wt.workflow.definer.LoadWorkflow.addSignature"><csvsignature>subject</csvsignature></csvWfSignature>
  <csvWfSignature handler="wt.workflow.definer.LoadWorkflow.addSignature"><csvsignature>message</csvsignature></csvWfSignature>
  <csvWfSignature handler="wt.workflow.definer.LoadWorkflow.addSignature"><csvsignature>principals</csvsignature></csvWfSignature>
  <csvWfSignature handler="wt.workflow.definer.LoadWorkflow.addSignature"><csvsignature>roles</csvsignature></csvWfSignature>
  <csvWfSignature handler="wt.workflow.definer.LoadWorkflow.addSignature"><csvsignature>actors</csvsignature></csvWfSignature>
  <csvWfSignature handler="wt.workflow.definer.LoadWorkflow.addSignature"><csvsignature>teamTemplates</csvsignature></csvWfSignature>
  <csvWfSignature handler="wt.workflow.definer.LoadWorkflow.addSignature"><csvsignature>variables</csvsignature></csvWfSignature>
  <csvWfSignature handler="wt.workflow.definer.LoadWorkflow.addSignature"><csvsignature>self</csvsignature></csvWfSignature>
  <csvWfSignature handler="wt.workflow.definer.LoadWorkflow.addSignature"><csvsignature>msgTemplateName</csvsignature></csvWfSignature>
  <csvWfSignature handler="wt.workflow.definer.LoadWorkflow.addSignature"><csvsignature>emailAddrs</csvsignature></csvWfSignature>
  <csvWfSignature handler="wt.workflow.definer.LoadWorkflow.addSignature"><csvsignature>attachments</csvsignature></csvWfSignature>
  <csvWfSignature handler="wt.workflow.definer.LoadWorkflow.addSignature"><csvsignature>subjectCheck</csvsignature></csvWfSignature>
  <csvWfInternalMethodTemplateEnd handler="wt.workflow.definer.LoadWorkflow.saveInternalMethodTemplate"></csvWfInternalMethodTemplateEnd>
  <csvWfInternalMethodTemplateBegin handler="wt.workflow.definer.LoadWorkflow.createInternalMethodTemplate">
    <csvxCoordinate>924</csvxCoordinate>
    <csvyCoordinate>49</csvyCoordinate>
    <csvrouterType>NONE</csvrouterType>
    <csvroutingEvents></csvroutingEvents>
    <csvautoRoutingExpression></csvautoRoutingExpression>
    <csvuniqueId>wt.workflow.definer.WfInternalMethodTemplate:97381243</csvuniqueId>
    <csvname>Отклонено</csvname>
    <csvdescription>null</csvdescription>
    <csvcategory>DEFAULT</csvcategory>
    <csvinstructions></csvinstructions>
    <csviconName>wt/clients/images/genrobt.gif</csviconName>
    <csvduration>0</csvduration>
    <csvprocessDuration>0</csvprocessDuration>
    <csvstartDelay>0</csvstartDelay>
    <csvstartProcessDelay>0</csvstartProcessDelay>
    <csvnotifyBeforeDeadline>false</csvnotifyBeforeDeadline>
    <csvtimeToDeadline>0</csvtimeToDeadline>
    <csvnotifyAfterDeadline>false</csvnotifyAfterDeadline>
    <csvtimePastDeadline>0</csvtimePastDeadline>
    <csvresponsibleRole></csvresponsibleRole>
    <csvhost>localhost</csvhost>
    <csvserviceName>wt.lifecycle.LifeCycleService</csvserviceName>
    <csvmethodName>setState</csvmethodName>
    <csvmethodReturn>null</csvmethodReturn>
  </csvWfInternalMethodTemplateBegin>
  <csvWfVariable handler="wt.workflow.definer.LoadWorkflow.addVariable">
    <csvname>primaryBusinessObject</csvname>
    <csvtype>wt.fc.WTObject</csvtype>
    <csvrequired>false</csvrequired>
    <csvvisible>true</csvvisible>
    <csvmutable>true</csvmutable>
    <csvresetable>true</csvresetable>
    <csvinitializeFrom></csvinitializeFrom>
    <csvcopyInto></csvcopyInto>
    <csvdefaultValue></csvdefaultValue>
    <csvpermissionList>0</csvpermissionList>
    <csvreadOnly>false</csvreadOnly>
    <csvdisplayNames></csvdisplayNames>
  </csvWfVariable>
  <csvWfVariable handler="wt.workflow.definer.LoadWorkflow.addVariable">
    <csvname>aState</csvname>
    <csvtype>wt.lifecycle.State</csvtype>
    <csvrequired>false</csvrequired>
    <csvvisible>false</csvvisible>
    <csvmutable>true</csvmutable>
    <csvresetable>true</csvresetable>
    <csvinitializeFrom></csvinitializeFrom>
    <csvcopyInto></csvcopyInto>
    <csvdefaultValue>REJECTED</csvdefaultValue>
    <csvpermissionList>0</csvpermissionList>
    <csvreadOnly>false</csvreadOnly>
    <csvdisplayNames></csvdisplayNames>
  </csvWfVariable>
  <csvWfSignature handler="wt.workflow.definer.LoadWorkflow.addSignature"><csvsignature>primaryBusinessObject</csvsignature></csvWfSignature>
  <csvWfSignature handler="wt.workflow.definer.LoadWorkflow.addSignature"><csvsignature>aState</csvsignature></csvWfSignature>
  <csvWfInternalMethodTemplateEnd handler="wt.workflow.definer.LoadWorkflow.saveInternalMethodTemplate"></csvWfInternalMethodTemplateEnd>
  <csvWfInternalMethodTemplateBegin handler="wt.workflow.definer.LoadWorkflow.createInternalMethodTemplate">
    <csvxCoordinate>291</csvxCoordinate>
    <csvyCoordinate>231</csvyCoordinate>
    <csvrouterType>NONE</csvrouterType>
    <csvroutingEvents></csvroutingEvents>
    <csvautoRoutingExpression></csvautoRoutingExpression>
    <csvuniqueId>wt.workflow.definer.WfInternalMethodTemplate:97381245</csvuniqueId>
    <csvname>На проверке</csvname>
    <csvdescription>null</csvdescription>
    <csvcategory>DEFAULT</csvcategory>
    <csvinstructions></csvinstructions>
    <csviconName>wt/clients/images/genrobt.gif</csviconName>
    <csvduration>0</csvduration>
    <csvprocessDuration>0</csvprocessDuration>
    <csvstartDelay>0</csvstartDelay>
    <csvstartProcessDelay>0</csvstartProcessDelay>
    <csvnotifyBeforeDeadline>false</csvnotifyBeforeDeadline>
    <csvtimeToDeadline>0</csvtimeToDeadline>
    <csvnotifyAfterDeadline>false</csvnotifyAfterDeadline>
    <csvtimePastDeadline>0</csvtimePastDeadline>
    <csvresponsibleRole></csvresponsibleRole>
    <csvhost>localhost</csvhost>
    <csvserviceName>wt.lifecycle.LifeCycleService</csvserviceName>
    <csvmethodName>setState</csvmethodName>
    <csvmethodReturn>null</csvmethodReturn>
  </csvWfInternalMethodTemplateBegin>
  <csvWfVariable handler="wt.workflow.definer.LoadWorkflow.addVariable">
    <csvname>primaryBusinessObject</csvname>
    <csvtype>wt.fc.WTObject</csvtype>
    <csvrequired>false</csvrequired>
    <csvvisible>true</csvvisible>
    <csvmutable>true</csvmutable>
    <csvresetable>true</csvresetable>
    <csvinitializeFrom></csvinitializeFrom>
    <csvcopyInto></csvcopyInto>
    <csvdefaultValue></csvdefaultValue>
    <csvpermissionList>0</csvpermissionList>
    <csvreadOnly>false</csvreadOnly>
    <csvdisplayNames></csvdisplayNames>
  </csvWfVariable>
  <csvWfVariable handler="wt.workflow.definer.LoadWorkflow.addVariable">
    <csvname>aState</csvname>
    <csvtype>wt.lifecycle.State</csvtype>
    <csvrequired>false</csvrequired>
    <csvvisible>false</csvvisible>
    <csvmutable>true</csvmutable>
    <csvresetable>true</csvresetable>
    <csvinitializeFrom></csvinitializeFrom>
    <csvcopyInto></csvcopyInto>
    <csvdefaultValue>UNDERREVIEW</csvdefaultValue>
    <csvpermissionList>0</csvpermissionList>
    <csvreadOnly>false</csvreadOnly>
    <csvdisplayNames></csvdisplayNames>
  </csvWfVariable>
  <csvWfSignature handler="wt.workflow.definer.LoadWorkflow.addSignature"><csvsignature>primaryBusinessObject</csvsignature></csvWfSignature>
  <csvWfSignature handler="wt.workflow.definer.LoadWorkflow.addSignature"><csvsignature>aState</csvsignature></csvWfSignature>
  <csvWfInternalMethodTemplateEnd handler="wt.workflow.definer.LoadWorkflow.saveInternalMethodTemplate"></csvWfInternalMethodTemplateEnd>
  <csvWfInternalMethodTemplateBegin handler="wt.workflow.definer.LoadWorkflow.createInternalMethodTemplate">
    <csvxCoordinate>667</csvxCoordinate>
    <csvyCoordinate>649</csvyCoordinate>
    <csvrouterType>NONE</csvrouterType>
    <csvroutingEvents></csvroutingEvents>
    <csvautoRoutingExpression></csvautoRoutingExpression>
    <csvuniqueId>wt.workflow.definer.WfInternalMethodTemplate:97381247</csvuniqueId>
    <csvname>Утверждено</csvname>
    <csvdescription>null</csvdescription>
    <csvcategory>DEFAULT</csvcategory>
    <csvinstructions></csvinstructions>
    <csviconName>wt/clients/images/genrobt.gif</csviconName>
    <csvduration>0</csvduration>
    <csvprocessDuration>0</csvprocessDuration>
    <csvstartDelay>0</csvstartDelay>
    <csvstartProcessDelay>0</csvstartProcessDelay>
    <csvnotifyBeforeDeadline>false</csvnotifyBeforeDeadline>
    <csvtimeToDeadline>0</csvtimeToDeadline>
    <csvnotifyAfterDeadline>false</csvnotifyAfterDeadline>
    <csvtimePastDeadline>0</csvtimePastDeadline>
    <csvresponsibleRole></csvresponsibleRole>
    <csvhost>localhost</csvhost>
    <csvserviceName>wt.lifecycle.LifeCycleService</csvserviceName>
    <csvmethodName>setState</csvmethodName>
    <csvmethodReturn>null</csvmethodReturn>
  </csvWfInternalMethodTemplateBegin>
  <csvWfVariable handler="wt.workflow.definer.LoadWorkflow.addVariable">
    <csvname>primaryBusinessObject</csvname>
    <csvtype>wt.fc.WTObject</csvtype>
    <csvrequired>false</csvrequired>
    <csvvisible>true</csvvisible>
    <csvmutable>true</csvmutable>
    <csvresetable>true</csvresetable>
    <csvinitializeFrom></csvinitializeFrom>
    <csvcopyInto></csvcopyInto>
    <csvdefaultValue></csvdefaultValue>
    <csvpermissionList>0</csvpermissionList>
    <csvreadOnly>false</csvreadOnly>
    <csvdisplayNames></csvdisplayNames>
  </csvWfVariable>
  <csvWfVariable handler="wt.workflow.definer.LoadWorkflow.addVariable">
    <csvname>aState</csvname>
    <csvtype>wt.lifecycle.State</csvtype>
    <csvrequired>false</csvrequired>
    <csvvisible>false</csvvisible>
    <csvmutable>true</csvmutable>
    <csvresetable>true</csvresetable>
    <csvinitializeFrom></csvinitializeFrom>
    <csvcopyInto></csvcopyInto>
    <csvdefaultValue>APPROVED</csvdefaultValue>
    <csvpermissionList>0</csvpermissionList>
    <csvreadOnly>false</csvreadOnly>
    <csvdisplayNames></csvdisplayNames>
  </csvWfVariable>
  <csvWfSignature handler="wt.workflow.definer.LoadWorkflow.addSignature"><csvsignature>primaryBusinessObject</csvsignature></csvWfSignature>
  <csvWfSignature handler="wt.workflow.definer.LoadWorkflow.addSignature"><csvsignature>aState</csvsignature></csvWfSignature>
  <csvWfInternalMethodTemplateEnd handler="wt.workflow.definer.LoadWorkflow.saveInternalMethodTemplate"></csvWfInternalMethodTemplateEnd>
  <csvWfConnectorTemplate handler="wt.workflow.definer.LoadWorkflow.createConnectorTemplate">
    <csvxCoordinate>931</csvxCoordinate>
    <csvyCoordinate>647</csvyCoordinate>
    <csvrouterType>CONDITIONAL</csvrouterType>
    <csvroutingEvents>Approved/Rejected/</csvroutingEvents>
    <csvautoRoutingExpression>wt.maturity.PromotionNotice pn = (wt.maturity.PromotionNotice)primaryBusinessObject;@try@{@wt.util.WTProperties props = wt.util.WTProperties.getLocalProperties();@VERBOSE = props.getProperty(&quot;wt.maturity.verbose&quot;#VERBOSE);@}@catch( Throwable t )@{@ @}@@try{@     wt.maturity.MaturityServerHelper.service.promoteTargets (pn);@     /* If any of the promotion targets are Advanced Configurable Generics the @      * baseline used during collection needs to be set on the generic as the@      * default baseline to properly support Options and Variants.  If none of@      * the promotion targets are Advanced Configurable Generics# this method will@      * simply return. @      */@      wt.maturity.MaturityServerHelper.setDefaultBaselineForGenerics(pn);@      result=&quot;Approved&quot;;@} catch (wt.maturity.MaturityException me){@       if ( VERBOSE )@         me.printStackTrace();   @      errorMsg=me.getMessage();@              result=&quot;Rejected&quot;;   @}</csvautoRoutingExpression>
    <csvuniqueId>wt.workflow.definer.WfConnectorTemplate:97381249</csvuniqueId>
    <csvfunction>OR</csvfunction>
    <csvtype>DEFAULT</csvtype>
    <csvthreshold>0</csvthreshold>
    <csvterminateActivities>false</csvterminateActivities>
  </csvWfConnectorTemplate>
  <csvWfConnectorTemplate handler="wt.workflow.definer.LoadWorkflow.createConnectorTemplate">
    <csvxCoordinate>292</csvxCoordinate>
    <csvyCoordinate>114</csvyCoordinate>
    <csvrouterType>CONDITIONAL</csvrouterType>
    <csvroutingEvents>Accepted/Rejected/</csvroutingEvents>
    <csvautoRoutingExpression>if (special_instructions.isEmpty()){@     result = &quot;Accepted&quot;; @} else {@   result = &quot;Rejected&quot;; @}</csvautoRoutingExpression>
    <csvuniqueId>wt.workflow.definer.WfConnectorTemplate:97381251</csvuniqueId>
    <csvfunction>OR</csvfunction>
    <csvtype>DEFAULT</csvtype>
    <csvthreshold>0</csvthreshold>
    <csvterminateActivities>false</csvterminateActivities>
  </csvWfConnectorTemplate>
  <csvWfConnectorTemplate handler="wt.workflow.definer.LoadWorkflow.createConnectorTemplate">
    <csvxCoordinate>1080</csvxCoordinate>
    <csvyCoordinate>44</csvyCoordinate>
    <csvrouterType>NONE</csvrouterType>
    <csvroutingEvents></csvroutingEvents>
    <csvautoRoutingExpression></csvautoRoutingExpression>
    <csvuniqueId>wt.workflow.definer.WfConnectorTemplate:97381253</csvuniqueId>
    <csvfunction>OR</csvfunction>
    <csvtype>DEFAULT</csvtype>
    <csvthreshold>0</csvthreshold>
    <csvterminateActivities>true</csvterminateActivities>
  </csvWfConnectorTemplate>
  <csvWfConnectorTemplate handler="wt.workflow.definer.LoadWorkflow.createConnectorTemplate">
    <csvxCoordinate>1238</csvxCoordinate>
    <csvyCoordinate>42</csvyCoordinate>
    <csvrouterType>NONE</csvrouterType>
    <csvroutingEvents></csvroutingEvents>
    <csvautoRoutingExpression></csvautoRoutingExpression>
    <csvuniqueId>wt.workflow.definer.WfConnectorTemplate:97381254</csvuniqueId>
    <csvfunction>AND</csvfunction>
    <csvtype>END</csvtype>
    <csvthreshold>0</csvthreshold>
    <csvterminateActivities>false</csvterminateActivities>
  </csvWfConnectorTemplate>
  <csvWfConnectorTemplate handler="wt.workflow.definer.LoadWorkflow.createConnectorTemplate">
    <csvxCoordinate>126</csvxCoordinate>
    <csvyCoordinate>41</csvyCoordinate>
    <csvrouterType>NONE</csvrouterType>
    <csvroutingEvents></csvroutingEvents>
    <csvautoRoutingExpression></csvautoRoutingExpression>
    <csvuniqueId>wt.workflow.definer.WfConnectorTemplate:97381255</csvuniqueId>
    <csvfunction>OR</csvfunction>
    <csvtype>START</csvtype>
    <csvthreshold>0</csvthreshold>
    <csvterminateActivities>false</csvterminateActivities>
  </csvWfConnectorTemplate>
  <csvWfNodeTemplateLinkBegin handler="wt.workflow.definer.LoadWorkflow.createNodeTemplateLink">
    <csvsourceNode>wt.workflow.definer.WfAssignedActivityTemplate:97381229</csvsourceNode>
    <csvdestNode>wt.workflow.definer.WfExprRobotTemplate:97381238</csvdestNode>
    <csvbackLoop>false</csvbackLoop>
  </csvWfNodeTemplateLinkBegin>
  <csvWfEventActionPair handler="wt.workflow.definer.LoadWorkflow.addEventActionPair">
    <csvevent>Вернуть на доработку</csvevent>
    <csvaction>START</csvaction>
  </csvWfEventActionPair>
  <csvWfNodeTemplateLinkEnd handler="wt.workflow.definer.LoadWorkflow.saveNodeTemplateLink"></csvWfNodeTemplateLinkEnd>
  <csvWfNodeTemplateLinkBegin handler="wt.workflow.definer.LoadWorkflow.createNodeTemplateLink">
    <csvsourceNode>wt.workflow.definer.WfAssignedActivityTemplate:97381225</csvsourceNode>
    <csvdestNode>wt.workflow.definer.WfExprRobotTemplate:97381238</csvdestNode>
    <csvbackLoop>false</csvbackLoop>
  </csvWfNodeTemplateLinkBegin>
  <csvWfEventActionPair handler="wt.workflow.definer.LoadWorkflow.addEventActionPair">
    <csvevent>Вернуть на доработку</csvevent>
    <csvaction>START</csvaction>
  </csvWfEventActionPair>
  <csvWfNodeTemplateLinkEnd handler="wt.workflow.definer.LoadWorkflow.saveNodeTemplateLink"></csvWfNodeTemplateLinkEnd>
  <csvWfNodeTemplateLinkBegin handler="wt.workflow.definer.LoadWorkflow.createNodeTemplateLink">
    <csvsourceNode>wt.workflow.definer.WfAssignedActivityTemplate:97381231</csvsourceNode>
    <csvdestNode>wt.workflow.definer.WfExprRobotTemplate:97381238</csvdestNode>
    <csvbackLoop>false</csvbackLoop>
  </csvWfNodeTemplateLinkBegin>
  <csvWfEventActionPair handler="wt.workflow.definer.LoadWorkflow.addEventActionPair">
    <csvevent>Вернуть на доработку</csvevent>
    <csvaction>START</csvaction>
  </csvWfEventActionPair>
  <csvWfNodeTemplateLinkEnd handler="wt.workflow.definer.LoadWorkflow.saveNodeTemplateLink"></csvWfNodeTemplateLinkEnd>
  <csvWfNodeTemplateLinkBegin handler="wt.workflow.definer.LoadWorkflow.createNodeTemplateLink">
    <csvsourceNode>wt.workflow.definer.WfExprRobotTemplate:97381235</csvsourceNode>
    <csvdestNode>wt.workflow.definer.WfConnectorTemplate:97381251</csvdestNode>
    <csvbackLoop>false</csvbackLoop>
  </csvWfNodeTemplateLinkBegin>
  <csvWfEventActionPair handler="wt.workflow.definer.LoadWorkflow.addEventActionPair">
    <csvevent>COMPLETE</csvevent>
    <csvaction>FIRE</csvaction>
  </csvWfEventActionPair>
  <csvWfNodeTemplateLinkEnd handler="wt.workflow.definer.LoadWorkflow.saveNodeTemplateLink"></csvWfNodeTemplateLinkEnd>
  <csvWfNodeTemplateLinkBegin handler="wt.workflow.definer.LoadWorkflow.createNodeTemplateLink">
    <csvsourceNode>wt.workflow.definer.WfInternalMethodTemplate:97381243</csvsourceNode>
    <csvdestNode>wt.workflow.definer.WfConnectorTemplate:97381253</csvdestNode>
    <csvbackLoop>false</csvbackLoop>
  </csvWfNodeTemplateLinkBegin>
  <csvWfEventActionPair handler="wt.workflow.definer.LoadWorkflow.addEventActionPair">
    <csvevent>COMPLETE</csvevent>
    <csvaction>FIRE</csvaction>
  </csvWfEventActionPair>
  <csvWfNodeTemplateLinkEnd handler="wt.workflow.definer.LoadWorkflow.saveNodeTemplateLink"></csvWfNodeTemplateLinkEnd>
  <csvWfNodeTemplateLinkBegin handler="wt.workflow.definer.LoadWorkflow.createNodeTemplateLink">
    <csvsourceNode>wt.workflow.definer.WfInternalMethodTemplate:97381241</csvsourceNode>
    <csvdestNode>wt.workflow.definer.WfConnectorTemplate:97381253</csvdestNode>
    <csvbackLoop>false</csvbackLoop>
  </csvWfNodeTemplateLinkBegin>
  <csvWfEventActionPair handler="wt.workflow.definer.LoadWorkflow.addEventActionPair">
    <csvevent>COMPLETE</csvevent>
    <csvaction>FIRE</csvaction>
  </csvWfEventActionPair>
  <csvWfNodeTemplateLinkEnd handler="wt.workflow.definer.LoadWorkflow.saveNodeTemplateLink"></csvWfNodeTemplateLinkEnd>
  <csvWfNodeTemplateLinkBegin handler="wt.workflow.definer.LoadWorkflow.createNodeTemplateLink">
    <csvsourceNode>wt.workflow.definer.WfConnectorTemplate:97381253</csvsourceNode>
    <csvdestNode>wt.workflow.definer.WfConnectorTemplate:97381254</csvdestNode>
    <csvbackLoop>false</csvbackLoop>
  </csvWfNodeTemplateLinkBegin>
  <csvWfEventActionPair handler="wt.workflow.definer.LoadWorkflow.addEventActionPair">
    <csvevent>FIRE</csvevent>
    <csvaction>FIRE</csvaction>
  </csvWfEventActionPair>
  <csvWfNodeTemplateLinkEnd handler="wt.workflow.definer.LoadWorkflow.saveNodeTemplateLink"></csvWfNodeTemplateLinkEnd>
  <csvWfNodeTemplateLinkBegin handler="wt.workflow.definer.LoadWorkflow.createNodeTemplateLink">
    <csvsourceNode>wt.workflow.definer.WfAssignedActivityTemplate:97381231</csvsourceNode>
    <csvdestNode>wt.workflow.definer.WfAssignedActivityTemplate:97381229</csvdestNode>
    <csvbackLoop>false</csvbackLoop>
  </csvWfNodeTemplateLinkBegin>
  <csvWfEventActionPair handler="wt.workflow.definer.LoadWorkflow.addEventActionPair">
    <csvevent>Согласовать</csvevent>
    <csvaction>START</csvaction>
  </csvWfEventActionPair>
  <csvWfNodeTemplateLinkEnd handler="wt.workflow.definer.LoadWorkflow.saveNodeTemplateLink"></csvWfNodeTemplateLinkEnd>
  <csvWfNodeTemplateLinkBegin handler="wt.workflow.definer.LoadWorkflow.createNodeTemplateLink">
    <csvsourceNode>wt.workflow.definer.WfAssignedActivityTemplate:97381227</csvsourceNode>
    <csvdestNode>wt.workflow.definer.WfExprRobotTemplate:97381235</csvdestNode>
    <csvbackLoop>true</csvbackLoop>
  </csvWfNodeTemplateLinkBegin>
  <csvWfEventActionPair handler="wt.workflow.definer.LoadWorkflow.addEventActionPair">
    <csvevent>Направить на продвижение</csvevent>
    <csvaction>START</csvaction>
  </csvWfEventActionPair>
  <csvWfNodeTemplateLinkEnd handler="wt.workflow.definer.LoadWorkflow.saveNodeTemplateLink"></csvWfNodeTemplateLinkEnd>
  <csvWfNodeTemplateLinkBegin handler="wt.workflow.definer.LoadWorkflow.createNodeTemplateLink">
    <csvsourceNode>wt.workflow.definer.WfAssignedActivityTemplate:97381229</csvsourceNode>
    <csvdestNode>wt.workflow.definer.WfInternalMethodTemplate:97381247</csvdestNode>
    <csvbackLoop>false</csvbackLoop>
  </csvWfNodeTemplateLinkBegin>
  <csvWfEventActionPair handler="wt.workflow.definer.LoadWorkflow.addEventActionPair">
    <csvevent>Утвердить</csvevent>
    <csvaction>START</csvaction>
  </csvWfEventActionPair>
  <csvWfNodeTemplateLinkEnd handler="wt.workflow.definer.LoadWorkflow.saveNodeTemplateLink"></csvWfNodeTemplateLinkEnd>
  <csvWfNodeTemplateLinkBegin handler="wt.workflow.definer.LoadWorkflow.createNodeTemplateLink">
    <csvsourceNode>wt.workflow.definer.WfConnectorTemplate:97381255</csvsourceNode>
    <csvdestNode>wt.workflow.definer.WfExprRobotTemplate:97381235</csvdestNode>
    <csvbackLoop>false</csvbackLoop>
  </csvWfNodeTemplateLinkBegin>
  <csvWfEventActionPair handler="wt.workflow.definer.LoadWorkflow.addEventActionPair">
    <csvevent>FIRE</csvevent>
    <csvaction>START</csvaction>
  </csvWfEventActionPair>
  <csvWfNodeTemplateLinkEnd handler="wt.workflow.definer.LoadWorkflow.saveNodeTemplateLink"></csvWfNodeTemplateLinkEnd>
  <csvWfNodeTemplateLinkBegin handler="wt.workflow.definer.LoadWorkflow.createNodeTemplateLink">
    <csvsourceNode>wt.workflow.definer.WfAssignedActivityTemplate:97381227</csvsourceNode>
    <csvdestNode>wt.workflow.definer.WfInternalMethodTemplate:97381243</csvdestNode>
    <csvbackLoop>false</csvbackLoop>
  </csvWfNodeTemplateLinkBegin>
  <csvWfEventActionPair handler="wt.workflow.definer.LoadWorkflow.addEventActionPair">
    <csvevent>Отменить запрос</csvevent>
    <csvaction>START</csvaction>
  </csvWfEventActionPair>
  <csvWfNodeTemplateLinkEnd handler="wt.workflow.definer.LoadWorkflow.saveNodeTemplateLink"></csvWfNodeTemplateLinkEnd>
  <csvWfNodeTemplateLinkBegin handler="wt.workflow.definer.LoadWorkflow.createNodeTemplateLink">
    <csvsourceNode>wt.workflow.definer.WfConnectorTemplate:97381249</csvsourceNode>
    <csvdestNode>wt.workflow.definer.WfInternalMethodTemplate:97381243</csvdestNode>
    <csvbackLoop>false</csvbackLoop>
  </csvWfNodeTemplateLinkBegin>
  <csvWfEventActionPair handler="wt.workflow.definer.LoadWorkflow.addEventActionPair">
    <csvevent>Rejected</csvevent>
    <csvaction>START</csvaction>
  </csvWfEventActionPair>
  <csvWfNodeTemplateLinkEnd handler="wt.workflow.definer.LoadWorkflow.saveNodeTemplateLink"></csvWfNodeTemplateLinkEnd>
  <csvWfNodeTemplateLinkBegin handler="wt.workflow.definer.LoadWorkflow.createNodeTemplateLink">
    <csvsourceNode>wt.workflow.definer.WfConnectorTemplate:97381251</csvsourceNode>
    <csvdestNode>wt.workflow.definer.WfAssignedActivityTemplate:97381227</csvdestNode>
    <csvbackLoop>false</csvbackLoop>
  </csvWfNodeTemplateLinkBegin>
  <csvWfEventActionPair handler="wt.workflow.definer.LoadWorkflow.addEventActionPair">
    <csvevent>Rejected</csvevent>
    <csvaction>START</csvaction>
  </csvWfEventActionPair>
  <csvWfNodeTemplateLinkEnd handler="wt.workflow.definer.LoadWorkflow.saveNodeTemplateLink"></csvWfNodeTemplateLinkEnd>
  <csvWfNodeTemplateLinkBegin handler="wt.workflow.definer.LoadWorkflow.createNodeTemplateLink">
    <csvsourceNode>wt.workflow.definer.WfInternalMethodTemplate:97381247</csvsourceNode>
    <csvdestNode>wt.workflow.definer.WfConnectorTemplate:97381249</csvdestNode>
    <csvbackLoop>false</csvbackLoop>
  </csvWfNodeTemplateLinkBegin>
  <csvWfEventActionPair handler="wt.workflow.definer.LoadWorkflow.addEventActionPair">
    <csvevent>COMPLETE</csvevent>
    <csvaction>FIRE</csvaction>
  </csvWfEventActionPair>
  <csvWfNodeTemplateLinkEnd handler="wt.workflow.definer.LoadWorkflow.saveNodeTemplateLink"></csvWfNodeTemplateLinkEnd>
  <csvWfNodeTemplateLinkBegin handler="wt.workflow.definer.LoadWorkflow.createNodeTemplateLink">
    <csvsourceNode>wt.workflow.definer.WfConnectorTemplate:97381251</csvsourceNode>
    <csvdestNode>wt.workflow.definer.WfInternalMethodTemplate:97381245</csvdestNode>
    <csvbackLoop>false</csvbackLoop>
  </csvWfNodeTemplateLinkBegin>
  <csvWfEventActionPair handler="wt.workflow.definer.LoadWorkflow.addEventActionPair">
    <csvevent>Accepted</csvevent>
    <csvaction>START</csvaction>
  </csvWfEventActionPair>
  <csvWfNodeTemplateLinkEnd handler="wt.workflow.definer.LoadWorkflow.saveNodeTemplateLink"></csvWfNodeTemplateLinkEnd>
  <csvWfNodeTemplateLinkBegin handler="wt.workflow.definer.LoadWorkflow.createNodeTemplateLink">
    <csvsourceNode>wt.workflow.definer.WfInternalMethodTemplate:97381245</csvsourceNode>
    <csvdestNode>wt.workflow.definer.WfAssignedActivityTemplate:97381225</csvdestNode>
    <csvbackLoop>false</csvbackLoop>
  </csvWfNodeTemplateLinkBegin>
  <csvWfEventActionPair handler="wt.workflow.definer.LoadWorkflow.addEventActionPair">
    <csvevent>COMPLETE</csvevent>
    <csvaction>START</csvaction>
  </csvWfEventActionPair>
  <csvWfNodeTemplateLinkEnd handler="wt.workflow.definer.LoadWorkflow.saveNodeTemplateLink"></csvWfNodeTemplateLinkEnd>
  <csvWfNodeTemplateLinkBegin handler="wt.workflow.definer.LoadWorkflow.createNodeTemplateLink">
    <csvsourceNode>wt.workflow.definer.WfConnectorTemplate:97381249</csvsourceNode>
    <csvdestNode>wt.workflow.definer.WfInternalMethodTemplate:97381241</csvdestNode>
    <csvbackLoop>false</csvbackLoop>
  </csvWfNodeTemplateLinkBegin>
  <csvWfEventActionPair handler="wt.workflow.definer.LoadWorkflow.addEventActionPair">
    <csvevent>Approved</csvevent>
    <csvaction>START</csvaction>
  </csvWfEventActionPair>
  <csvWfNodeTemplateLinkEnd handler="wt.workflow.definer.LoadWorkflow.saveNodeTemplateLink"></csvWfNodeTemplateLinkEnd>
  <csvWfNodeTemplateLinkBegin handler="wt.workflow.definer.LoadWorkflow.createNodeTemplateLink">
    <csvsourceNode>wt.workflow.definer.WfAssignedActivityTemplate:97381225</csvsourceNode>
    <csvdestNode>wt.workflow.definer.WfAssignedActivityTemplate:97381233</csvdestNode>
    <csvbackLoop>false</csvbackLoop>
  </csvWfNodeTemplateLinkBegin>
  <csvWfEventActionPair handler="wt.workflow.definer.LoadWorkflow.addEventActionPair">
    <csvevent>Согласовать</csvevent>
    <csvaction>START</csvaction>
  </csvWfEventActionPair>
  <csvWfNodeTemplateLinkEnd handler="wt.workflow.definer.LoadWorkflow.saveNodeTemplateLink"></csvWfNodeTemplateLinkEnd>
  <csvWfNodeTemplateLinkBegin handler="wt.workflow.definer.LoadWorkflow.createNodeTemplateLink">
    <csvsourceNode>wt.workflow.definer.WfAssignedActivityTemplate:97381233</csvsourceNode>
    <csvdestNode>wt.workflow.definer.WfExprRobotTemplate:97381238</csvdestNode>
    <csvbackLoop>false</csvbackLoop>
  </csvWfNodeTemplateLinkBegin>
  <csvWfEventActionPair handler="wt.workflow.definer.LoadWorkflow.addEventActionPair">
    <csvevent>Вернуть на доработку</csvevent>
    <csvaction>START</csvaction>
  </csvWfEventActionPair>
  <csvWfNodeTemplateLinkEnd handler="wt.workflow.definer.LoadWorkflow.saveNodeTemplateLink"></csvWfNodeTemplateLinkEnd>
  <csvWfNodeTemplateLinkBegin handler="wt.workflow.definer.LoadWorkflow.createNodeTemplateLink">
    <csvsourceNode>wt.workflow.definer.WfAssignedActivityTemplate:97381233</csvsourceNode>
    <csvdestNode>wt.workflow.definer.WfAssignedActivityTemplate:97381231</csvdestNode>
    <csvbackLoop>false</csvbackLoop>
  </csvWfNodeTemplateLinkBegin>
  <csvWfEventActionPair handler="wt.workflow.definer.LoadWorkflow.addEventActionPair">
    <csvevent>Согласовать</csvevent>
    <csvaction>START</csvaction>
  </csvWfEventActionPair>
  <csvWfNodeTemplateLinkEnd handler="wt.workflow.definer.LoadWorkflow.saveNodeTemplateLink"></csvWfNodeTemplateLinkEnd>
  <csvWfNodeTemplateLinkBegin handler="wt.workflow.definer.LoadWorkflow.createNodeTemplateLink">
    <csvsourceNode>wt.workflow.definer.WfExprRobotTemplate:97381238</csvsourceNode>
    <csvdestNode>wt.workflow.definer.WfAssignedActivityTemplate:97381227</csvdestNode>
    <csvbackLoop>false</csvbackLoop>
  </csvWfNodeTemplateLinkBegin>
  <csvWfEventActionPair handler="wt.workflow.definer.LoadWorkflow.addEventActionPair">
    <csvevent>COMPLETE</csvevent>
    <csvaction>START</csvaction>
  </csvWfEventActionPair>
  <csvWfNodeTemplateLinkEnd handler="wt.workflow.definer.LoadWorkflow.saveNodeTemplateLink"></csvWfNodeTemplateLinkEnd>
  <csvWfProcessTemplateEnd handler="wt.workflow.definer.LoadWorkflow.saveProcessTemplate"></csvWfProcessTemplateEnd>
</NmLoader>